{
  "accuracy": 0.698,
  "classification_report": {
    "negativo": {
      "precision": 0.6432432432432432,
      "recall": 0.7933333333333333,
      "f1-score": 0.7104477611940299,
      "support": 150.0
    },
    "neutro": {
      "precision": 0.7326732673267327,
      "recall": 0.6166666666666667,
      "f1-score": 0.669683257918552,
      "support": 240.0
    },
    "positivo": {
      "precision": 0.7256637168141593,
      "recall": 0.7454545454545455,
      "f1-score": 0.7354260089686099,
      "support": 110.0
    },
    "accuracy": 0.698,
    "macro avg": {
      "precision": 0.7005267424613782,
      "recall": 0.7184848484848486,
      "f1-score": 0.7051856760270638,
      "support": 500.0
    },
    "weighted avg": {
      "precision": 0.7043021589889197,
      "recall": 0.698,
      "f1-score": 0.6963760141322081,
      "support": 500.0
    }
  },
  "confusion_matrix": [
    [
      119,
      29,
      2
    ],
    [
      63,
      148,
      29
    ],
    [
      3,
      25,
      82
    ]
  ],
  "num_samples": 500
}